word,count
purus,21
dictum,15
est,11
mattis,11
phasellus,8
rhoncus,18
cubilia,15
nunc,13
at,14
interdum,18
ante,18
amet,12
congue,12
justo,11
eget,16
vitae,16
lacus,10
sociis,17
quisque,21
inceptos,18
etiam,21
augue,9
conubia,16
odio,20
feugiat,13
venenatis,18
class,10
convallis,17
aenean,12
diam,20
in,14
porttitor,17
sodales,14
integer,17
ipsum,10
quam,11
lectus,15
nascetur,25
sagittis,13
rutrum,17
fringilla,12
malesuada,13
potenti,11
nibh,12
commodo,9
nulla,7
natoque,17
faucibus,12
dapibus,17
facilisi,8
fermentum,20
nisi,8
sapien,18
metus,8
mi,10
suscipit,13
habitant,21
litora,15
curae,18
urna,19
pede,11
varius,12
cras,9
hac,15
tellus,20
cursus,12
lacinia,13
dis,17
mus,10
habitasse,14
primis,7
bibendum,11
leo,17
magna,5
erat,13
sed,10
felis,11
mollis,17
lobortis,7
iaculis,9
vulputate,9
maecenas,14
ornare,7
quis,9
molestie,10
nonummy,12
duis,18
nostra,9
hendrerit,21
montes,22
luctus,13
dignissim,10
sit,19
vivamus,22
ac,14
elementum,8
egestas,16
per,12
eleifend,13
vel,18
proin,9
placerat,18
ultrices,10
donec,17
neque,12
nisl,8
semper,16
netus,17
aliquet,10
eros,14
viverra,13
auctor,10
tortor,10
ultricies,13
posuere,12
sociosqu,11
eu,14
nec,15
tempor,11
facilisis,15
turpis,12
platea,11
ut,11
ligula,12
sem,10
dictumst,9
arcu,18
cum,13
penatibus,13
orci,18
morbi,14
pulvinar,14
magnis,15
massa,8
a,19
volutpat,14
dolor,15
laoreet,22
pharetra,11
vehicula,15
velit,12
vestibulum,12
dui,16
ad,14
tristique,11
nullam,13
aliquam,14
porta,13
non,13
pretium,11
blandit,12
hymenaeos,13
enim,17
tempus,20
euismod,8
tincidunt,10
et,14
accumsan,10
torquent,13
elit,13
taciti,13
imperdiet,11
parturient,10
mauris,11
fusce,7
lorem,13
praesent,21
ridiculus,9
senectus,11
adipiscing,14
aptent,11
id,11
fames,8
gravida,5
consequat,11
curabitur,10
libero,11
risus,12
nam,10
